tariff_id;region;federal_district;city;service_type;service_subtype;tariff_value;unit;currency;period_from;period_to;supplier;value_type;notes;source_url;source_name;is_official;accuracy_comment
1;Москва (город);Центральный ФО;Москва;Электроэнергия;Газовая плита / Одноставочный (1-й диапазон до 5000 кВтч);7.87;руб/кВтч;RUB;01.01.2026;30.09.2026;;прямое;Приказ Департамента экономической политики г. Москвы №ДПР-ТР-174/24;https://www.ruscable.ru/articles/tarifs/_na_elektroenergiu_na_2026_god_1-e_polug/_na_elektroenergiu_v_moskve_s_1_yanvarya_1;ruscable.ru (ссылается на офиц. приказ ДЭПиРМ);нет (агрегатор);высокая — со ссылкой на официальный приказ
2;Москва (город);Центральный ФО;Москва;Электроэнергия;Газовая плита / День (пик + полупик);9.45;руб/кВтч;RUB;01.01.2026;30.09.2026;;прямое;2-зонный тариф: день 7:00-23:00;https://www.ruscable.ru/articles/tarifs/_na_elektroenergiu_na_2026_god_1-e_polug/_na_elektroenergiu_v_moskve_s_1_yanvarya_1;ruscable.ru (офиц. приказ);нет (агрегатор);высокая
3;Москва (город);Центральный ФО;Москва;Электроэнергия;Газовая плита / Ночь;4.08;руб/кВтч;RUB;01.01.2026;30.09.2026;;прямое;2-зонный тариф: ночь 23:00-7:00;https://www.ruscable.ru/articles/tarifs/_na_elektroenergiu_na_2026_god_1-e_polug/_na_elektroenergiu_v_moskve_s_1_yanvarya_1;ruscable.ru (офиц. приказ);нет (агрегатор);высокая
4;Москва (город);Центральный ФО;Москва;Электроэнергия;Электроплита / Одноставочный;7.16;руб/кВтч;RUB;01.01.2026;30.09.2026;;прямое;Квартиры с электрическими плитами (понижающий коэф.);https://www.ruscable.ru/articles/tarifs/_na_elektroenergiu_na_2026_god_1-e_polug/_na_elektroenergiu_v_moskve_s_1_yanvarya_1;ruscable.ru (офиц. приказ);нет (агрегатор);высокая
5;Москва (город);Центральный ФО;Москва;Электроэнергия;Электроплита / День;8.60;руб/кВтч;RUB;01.01.2026;30.09.2026;;прямое;;https://www.ruscable.ru/articles/tarifs/_na_elektroenergiu_na_2026_god_1-e_polug/_na_elektroenergiu_v_moskve_s_1_yanvarya_1;ruscable.ru (офиц. приказ);нет (агрегатор);высокая
6;Москва (город);Центральный ФО;Москва;Электроэнергия;Электроплита / Ночь;3.71;руб/кВтч;RUB;01.01.2026;30.09.2026;;прямое;;https://www.ruscable.ru/articles/tarifs/_na_elektroenergiu_na_2026_god_1-e_polug/_na_elektroenergiu_v_moskve_s_1_yanvarya_1;ruscable.ru (офиц. приказ);нет (агрегатор);высокая
7;Москва (город);Центральный ФО;Москва;Электроэнергия;Газовая плита / Одноставочный (примерно);8.70;руб/кВтч;RUB;01.10.2026;31.12.2026;;прямое;Оценка РБК на основе данных ФАС;https://realty.rbc.ru/news/68df9d7e9a79473442f23704;РБК Недвижимость (ФАС);нет (СМИ);средняя — приблизительное значение
8;Москва (город);Центральный ФО;Москва;Холодное водоснабжение;Москва (в пределах МКАД и основная территория);66.87;руб/м3;RUB;01.01.2026;30.09.2026;Мосводоканал;прямое;Приказы ДЭПиРМ ДПР-ТР-399/24 и ДПР-ТР-403/24;https://realty.yandex.ru/journal/post/skolko-stoit-goryachaya-i-holodnaya-voda-v-moskve/;Яндекс Недвижимость (ссылается на офиц. приказы);нет (агрегатор);высокая
9;Москва (город);Центральный ФО;Москва (Троицкий и Новомосковский округа);Холодное водоснабжение;ТиНАО;63.83;руб/м3;RUB;01.01.2026;30.09.2026;;прямое;Троицкий и Новомосковский административные округа;https://realty.yandex.ru/journal/post/skolko-stoit-goryachaya-i-holodnaya-voda-v-moskve/;Яндекс Недвижимость (офиц. приказы);нет (агрегатор);высокая
10;Москва (город);Центральный ФО;Москва;Холодное водоснабжение;Все районы;73.79;руб/м3;RUB;01.10.2026;31.12.2026;Мосводоканал;прямое;;https://realty.yandex.ru/journal/post/skolko-stoit-goryachaya-i-holodnaya-voda-v-moskve/;Яндекс Недвижимость (офиц. приказы);нет (агрегатор);высокая
11;Москва (город);Центральный ФО;Москва;Горячее водоснабжение;Двухкомпонентный тариф (вода + нагрев);317.71;руб/м3;RUB;01.01.2026;30.09.2026;;прямое;Приказы ДПР-ТР-399/24 и ДПР-ТР-403/24; включает стоимость ХВС + подогрев;https://realty.yandex.ru/journal/post/skolko-stoit-goryachaya-i-holodnaya-voda-v-moskve/;Яндекс Недвижимость (офиц. приказы);нет (агрегатор);высокая
12;Москва (город);Центральный ФО;Москва;Горячее водоснабжение;Двухкомпонентный тариф;377.80;руб/м3;RUB;01.10.2026;30.06.2027;;прямое;Тариф действует по 30.06.2027;https://realty.yandex.ru/journal/post/skolko-stoit-goryachaya-i-holodnaya-voda-v-moskve/;Яндекс Недвижимость (офиц. приказы);нет (агрегатор);высокая
13;Москва (город);Центральный ФО;Москва (ТиНАО);Горячее водоснабжение;ТиНАО (диапазон по поставщику);233.34–285.79;руб/м3;RUB;01.01.2026;30.09.2026;;прямое;Зависит от населённого пункта ТиНАО и поставщика;https://realty.yandex.ru/journal/post/skolko-stoit-goryachaya-i-holodnaya-voda-v-moskve/;Яндекс Недвижимость (офиц. приказы);нет (агрегатор);высокая
14;Москва (город);Центральный ФО;Москва (ТиНАО);Горячее водоснабжение;ТиНАО (диапазон по поставщику);321.53–335.81;руб/м3;RUB;01.10.2026;30.06.2027;;прямое;;https://realty.yandex.ru/journal/post/skolko-stoit-goryachaya-i-holodnaya-voda-v-moskve/;Яндекс Недвижимость (офиц. приказы);нет (агрегатор);высокая
15;Москва (город);Центральный ФО;Москва;Водоотведение;Среднее по всем поставщикам;—;руб/м3;RUB;01.01.2026;30.09.2026;;нет данных;Конкретное значение не получено. Рост с октября +14.8%;;Данные ФАС / Банки.ру;нет;низкая — только % роста
16;Москва (город);Центральный ФО;Москва;Отопление;Среднее по всем поставщикам;—;руб/Гкал;RUB;01.01.2026;30.09.2026;;нет данных;Среднее +15% за год; дома без ИТП +25.2%;;—;—;—
17;Санкт-Петербург (город);Северо-Западный ФО;Санкт-Петербург;Электроэнергия;1-й диапазон потребления (до 3900 кВтч);7.88;руб/кВтч;RUB;01.01.2026;30.09.2026;;прямое;Данные Комитета по тарифам СПб;https://neva.today/piterlife/poleznoye-i-interesnoye-peterburg/tarify-zhkh-v-peterburge-2026-na-skolko-rublej-vyrastet-platezhka-za-kommunalku-smotrite-raschet;neva.today (Комитет по тарифам СПб);нет (СМИ);средняя — подтверждается несколькими источниками
18;Санкт-Петербург (город);Северо-Западный ФО;Санкт-Петербург;Электроэнергия;1-й диапазон;9.03;руб/кВтч;RUB;01.10.2026;31.12.2026;;расчётное;Рассчитано: 7.88 * 1.146 (региональный индекс +14.6%);https://neva.today/piterlife/poleznoye-i-interesnoye-peterburg/tarify-zhkh-v-peterburge-2026-na-skolko-rublej-vyrastet-platezhka-za-kommunalku-smotrite-raschet;neva.today;нет (СМИ);средняя — расчётная оценка
19;Санкт-Петербург (город);Северо-Западный ФО;Санкт-Петербург;Теплоснабжение (отопление и ГВС);Централизованная система теплоснабжения;2836.15;руб/Гкал;RUB;01.01.2026;30.09.2026;;прямое;;https://neva.today/piterlife/poleznoye-i-interesnoye-peterburg/tarify-zhkh-v-peterburge-2026-na-skolko-rublej-vyrastet-platezhka-za-kommunalku-smotrite-raschet;neva.today (Комитет по тарифам СПб);нет (СМИ);средняя
20;Санкт-Петербург (город);Северо-Западный ФО;Санкт-Петербург;Теплоснабжение;Централизованная система;3250.22;руб/Гкал;RUB;01.10.2026;31.12.2026;;расчётное;Рассчитано: 2836.15 * 1.146;;расчёт;нет;средняя — оценка
21;Санкт-Петербург (город);Северо-Западный ФО;Санкт-Петербург;Холодное водоснабжение;ГУП «Водоканал СПб»;50.50;руб/м3;RUB;01.01.2026;30.09.2026;;прямое;Тариф на водоснабжение и водоотведение (совокупный или только ХВС — уточняется);https://neva.today/piterlife/poleznoye-i-interesnoye-peterburg/tarify-zhkh-v-peterburge-2026-na-skolko-rublej-vyrastet-platezhka-za-kommunalku-smotrite-raschet;neva.today (Комитет по тарифам СПб);нет (СМИ);средняя
22;Санкт-Петербург (город);Северо-Западный ФО;Санкт-Петербург;Газоснабжение;Природный газ для населения;10.10;руб/м3;RUB;01.01.2026;30.09.2026;;прямое;Тариф: 10104.85 руб/1000 м3 = 10.10 руб/м3;https://neva.today/piterlife/poleznoye-i-interesnoye-peterburg/tarify-zhkh-v-peterburge-2026-na-skolko-rublej-vyrastet-platezhka-za-kommunalku-smotrite-raschet;neva.today (Комитет по тарифам СПб);нет (СМИ);средняя
23;Санкт-Петербург (город);Северо-Западный ФО;Санкт-Петербург;Газоснабжение;Природный газ для населения;11.57;руб/м3;RUB;01.10.2026;31.12.2026;;расчётное;Рассчитано: 10.10 * 1.146;;расчёт;нет;средняя — оценка
24;Новосибирская область;Сибирский ФО;Новосибирск;Холодное водоснабжение;МУП «Горводоканал»;28.62;руб/м3;RUB;01.01.2026;30.09.2026;;расчётное;Декабрь 2025: 28.14 руб/м3 * 1.017 = 28.62. Норматив без НДС: 23.45 руб/м3;https://ngs.ru/text/economics/2026/01/02/76204123/;НГС.ру (Новосибирск);нет (СМИ);средняя — рассчитано из значений декабря 2025
25;Новосибирская область;Сибирский ФО;Новосибирск;Холодное водоснабжение;МУП «Горводоканал»;31.69;руб/м3;RUB;01.10.2026;31.12.2026;;расчётное;28.62 * 1.107 (+10.7% региональный индекс);https://ngs.ru/text/economics/2026/01/02/76204123/;НГС.ру;нет (СМИ);средняя — оценка
26;Новосибирская область;Сибирский ФО;Новосибирск;Водоотведение;;24.15;руб/м3;RUB;01.01.2026;30.09.2026;;расчётное;Декабрь 2025: 23.75 * 1.017 = 24.15;https://ngs.ru/text/economics/2026/01/02/76204123/;НГС.ру;нет (СМИ);средняя
27;Новосибирская область;Сибирский ФО;Новосибирск;Водоотведение;;28.98;руб/м3;RUB;01.10.2026;31.12.2026;;расчётное;24.15 * 1.20 (+20% октябрьская индексация водоотведения в Новосибирске);;расчёт;нет;средняя — оценка
28;Новосибирская область;Сибирский ФО;Новосибирск;Отопление;;2343.93;руб/Гкал;RUB;01.01.2026;30.09.2026;;расчётное;Декабрь 2025: 2303.2 * 1.017 = 2343.93;https://ngs.ru/text/economics/2026/01/02/76204123/;НГС.ру;нет (СМИ);средняя
29;Новосибирская область;Сибирский ФО;Новосибирск;Отопление;;2812.72;руб/Гкал;RUB;01.10.2026;31.12.2026;;расчётное;2343.93 * 1.20 (+20%);;расчёт;нет;средняя — оценка
30;Новосибирская область;Сибирский ФО;Новосибирск;Электроэнергия;Одноставочный (стандарт);4.19;руб/кВтч;RUB;01.01.2026;30.09.2026;;расчётное;Декабрь 2025: 4.12 * 1.017 = 4.19;https://ngs.ru/text/economics/2026/01/02/76204123/;НГС.ру;нет (СМИ);средняя
31;Новосибирская область;Сибирский ФО;Новосибирск;Электроэнергия;Одноставочный;4.65;руб/кВтч;RUB;01.10.2026;31.12.2026;;расчётное;4.19 * 1.111 (+11.1% по электроэнергии);;расчёт;нет;средняя — оценка
32;Новосибирская область;Сибирский ФО;Новосибирск;Газоснабжение;Природный газ (ориентировочно);58.65;руб/кг;RUB;01.01.2026;30.09.2026;;прямое;ВНИМАНИЕ: единица «кг» указана в источнике. Возможно ошибка источника или тариф для СУГ/нормативного потребления;https://ngs.ru/text/economics/2026/01/02/76204123/;НГС.ру;нет (СМИ);низкая — аномальная единица измерения; требует проверки по региональному тарифному органу
33;Свердловская область;Уральский ФО;Екатеринбург;Холодное водоснабжение;МУП «Водоканал»;52.63;руб/м3;RUB;01.01.2026;30.09.2026;;прямое;;https://www.e1.ru/text/house/2025/12/31/76175638/;E1.ru (Екатеринбург);нет (СМИ);высокая — ссылается на Водоканал
34;Свердловская область;Уральский ФО;Екатеринбург;Холодное водоснабжение;;59.41;руб/м3;RUB;01.10.2026;31.12.2026;;прямое;;https://www.e1.ru/text/house/2025/12/31/76175638/;E1.ru;нет (СМИ);высокая
35;Свердловская область;Уральский ФО;Екатеринбург;Газоснабжение;АО «Екатеринбурггаз» (приготовление пищи и нагрев воды);7.43;руб/м3;RUB;01.01.2026;30.09.2026;;прямое;;https://www.e1.ru/text/house/2025/12/31/76175638/;E1.ru;нет (СМИ);средняя
36;Свердловская область;Уральский ФО;Екатеринбург;Электроэнергия;Без электроплиты / 1-й диапазон (<3900 кВтч) / 1-зонный;6.33;руб/кВтч;RUB;01.01.2026;30.09.2026;;прямое;Постановление РЭК Свердловской обл. №34-ПК от 28.02.2025;https://www.ruscable.ru/articles/tarifs/_na_elektroenergiu_na_2026_god_1-e_polug/_na_elektroenergiu_v_ekaterinburge_i_sve_3;ruscable.ru (офиц. приказ РЭК);нет (агрегатор);высокая
37;Свердловская область;Уральский ФО;Екатеринбург;Электроэнергия;Без электроплиты / 1-й диапазон / День;7.54;руб/кВтч;RUB;01.01.2026;30.09.2026;;прямое;;https://www.ruscable.ru/articles/tarifs/_na_elektroenergiu_na_2026_god_1-e_polug/_na_elektroenergiu_v_ekaterinburge_i_sve_3;ruscable.ru (офиц. приказ РЭК);нет (агрегатор);высокая
38;Свердловская область;Уральский ФО;Екатеринбург;Электроэнергия;Без электроплиты / 1-й диапазон / Ночь;3.80;руб/кВтч;RUB;01.01.2026;30.09.2026;;прямое;;https://www.ruscable.ru/articles/tarifs/_na_elektroenergiu_na_2026_god_1-e_polug/_na_elektroenergiu_v_ekaterinburge_i_sve_3;ruscable.ru (офиц. приказ РЭК);нет (агрегатор);высокая
39;Свердловская область;Уральский ФО;Екатеринбург;Электроэнергия;Без электроплиты / 2-й диапазон (3901–6000 кВтч) / 1-зонный;9.28;руб/кВтч;RUB;01.01.2026;30.09.2026;;прямое;;https://www.ruscable.ru/articles/tarifs/_na_elektroenergiu_na_2026_god_1-e_polug/_na_elektroenergiu_v_ekaterinburge_i_sve_3;ruscable.ru;нет (агрегатор);высокая
40;Свердловская область;Уральский ФО;Екатеринбург;Электроэнергия;Без электроплиты / 3-й диапазон (>6000 кВтч) / 1-зонный;10.95;руб/кВтч;RUB;01.01.2026;30.09.2026;;прямое;;https://www.ruscable.ru/articles/tarifs/_na_elektroenergiu_na_2026_god_1-e_polug/_na_elektroenergiu_v_ekaterinburge_i_sve_3;ruscable.ru;нет (агрегатор);высокая
41;Республика Татарстан;Приволжский ФО;Казань;Электроэнергия;Городское население / Газовая плита / 1-й диапазон;5.82;руб/кВтч;RUB;01.01.2026;30.09.2026;;прямое;;https://tatcenter.ru/rubrics/razbor/202-za-god-kak-izmenitsya-plata-za-zhkh-v-tatarstane-v-2026-godu/;tatcenter.ru (Татарстан);нет (СМИ);высокая — подтверждено несколькими источниками
42;Республика Татарстан;Приволжский ФО;Казань;Электроэнергия;Городское население / Газовая плита / 1-й диапазон;6.47;руб/кВтч;RUB;01.10.2026;31.12.2026;;прямое;;https://tatcenter.ru/rubrics/razbor/202-za-god-kak-izmenitsya-plata-za-zhkh-v-tatarstane-v-2026-godu/;tatcenter.ru;нет (СМИ);высокая
43;Республика Татарстан;Приволжский ФО;Казань;Электроэнергия;Городское население / Газовая плита / 2-й диапазон;7.06;руб/кВтч;RUB;01.01.2026;30.09.2026;;прямое;;https://tatcenter.ru/rubrics/razbor/202-za-god-kak-izmenitsya-plata-za-zhkh-v-tatarstane-v-2026-godu/;tatcenter.ru;нет (СМИ);высокая
44;Республика Татарстан;Приволжский ФО;Казань;Электроэнергия;Городское население / Газовая плита / 2-й диапазон;8.54;руб/кВтч;RUB;01.10.2026;31.12.2026;;прямое;;https://tatcenter.ru/rubrics/razbor/202-za-god-kak-izmenitsya-plata-za-zhkh-v-tatarstane-v-2026-godu/;tatcenter.ru;нет (СМИ);высокая
45;Республика Татарстан;Приволжский ФО;Казань;Электроэнергия;Городское население / Газовая плита / 3-й диапазон;10.88;руб/кВтч;RUB;01.01.2026;30.09.2026;;прямое;;https://tatcenter.ru/rubrics/razbor/202-za-god-kak-izmenitsya-plata-za-zhkh-v-tatarstane-v-2026-godu/;tatcenter.ru;нет (СМИ);высокая
46;Республика Татарстан;Приволжский ФО;Казань;Электроэнергия;Городское население / Газовая плита / 3-й диапазон;12.41;руб/кВтч;RUB;01.10.2026;31.12.2026;;прямое;;https://tatcenter.ru/rubrics/razbor/202-za-god-kak-izmenitsya-plata-za-zhkh-v-tatarstane-v-2026-godu/;tatcenter.ru;нет (СМИ);высокая
47;Республика Татарстан;Приволжский ФО;Казань;Холодное водоснабжение;;74.62;руб/м3;RUB;01.01.2026;30.09.2026;;прямое;Тариф для г. Казань. Другие муниципалитеты: 37.38–58.44 руб/м3;https://tatcenter.ru/rubrics/razbor/202-za-god-kak-izmenitsya-plata-za-zhkh-v-tatarstane-v-2026-godu/;tatcenter.ru;нет (СМИ);высокая
48;Республика Татарстан;Приволжский ФО;Казань;Газоснабжение;Природный газ для населения;8.55;руб/м3;RUB;01.01.2026;30.09.2026;;прямое;;https://tatcenter.ru/rubrics/razbor/202-za-god-kak-izmenitsya-plata-za-zhkh-v-tatarstane-v-2026-godu/;tatcenter.ru;нет (СМИ);высокая
49;Республика Татарстан;Приволжский ФО;Казань;Газоснабжение;Природный газ для населения;9.28;руб/м3;RUB;01.10.2026;31.12.2026;;прямое;;https://tatcenter.ru/rubrics/razbor/202-za-god-kak-izmenitsya-plata-za-zhkh-v-tatarstane-v-2026-godu/;tatcenter.ru;нет (СМИ);высокая
50;Республика Татарстан;Приволжский ФО;Казань;Отопление;МКД;119.66;руб/ед.изм.;RUB;01.01.2026;30.09.2026;;прямое;Единица измерения в источнике не указана чётко (возможно руб/Гкал или руб/м2 в мес.);https://tatcenter.ru/rubrics/razbor/202-za-god-kak-izmenitsya-plata-za-zhkh-v-tatarstane-v-2026-godu/;tatcenter.ru;нет (СМИ);низкая — единица измерения требует уточнения
51;Республика Татарстан;Приволжский ФО;Казань;Отопление;МКД;131.51;руб/ед.изм.;RUB;01.10.2026;31.12.2026;;прямое;Единица измерения не указана;https://tatcenter.ru/rubrics/razbor/202-za-god-kak-izmenitsya-plata-za-zhkh-v-tatarstane-v-2026-godu/;tatcenter.ru;нет (СМИ);низкая
52;Иркутская область;Сибирский ФО;Иркутск;Холодное водоснабжение;;18.99;руб/м3;RUB;01.01.2026;30.09.2026;;прямое;;https://www.irk.kp.ru/daily/27761/5191894/;KP.ru Иркутск;нет (СМИ);высокая
53;Иркутская область;Сибирский ФО;Иркутск;Холодное водоснабжение;;20.85;руб/м3;RUB;01.10.2026;31.12.2026;;прямое;;https://www.irk.kp.ru/daily/27761/5191894/;KP.ru Иркутск;нет (СМИ);высокая
54;Иркутская область;Сибирский ФО;Иркутск;Водоотведение;;23.10;руб/м3;RUB;01.01.2026;30.09.2026;;прямое;;https://irk.sibdom.ru/news/24658/;sibdom.ru Иркутск;нет (СМИ);высокая
55;Иркутская область;Сибирский ФО;Иркутск;Водоотведение;;25.36;руб/м3;RUB;01.10.2026;31.12.2026;;прямое;;https://irk.sibdom.ru/news/24658/;sibdom.ru Иркутск;нет (СМИ);высокая
56;Иркутская область;Сибирский ФО;Иркутск;Отопление;;2235.04;руб/Гкал;RUB;01.01.2026;30.09.2026;;прямое;;https://irk.sibdom.ru/news/24658/;sibdom.ru Иркутск;нет (СМИ);высокая
57;Иркутская область;Сибирский ФО;Иркутск;Отопление;;2480.89;руб/Гкал;RUB;01.10.2026;31.12.2026;;прямое;;https://irk.sibdom.ru/news/24658/;sibdom.ru Иркутск;нет (СМИ);высокая
58;Иркутская область;Сибирский ФО;Иркутск;Газоснабжение;СУГ (сжиженный углеводородный газ в баллонах);36.52;руб/кг;RUB;01.01.2026;30.09.2026;;прямое;Иркутская область — нет централизованного природного газа в большинстве домов; используется СУГ;https://irk.sibdom.ru/news/24658/;sibdom.ru Иркутск;нет (СМИ);высокая
59;Иркутская область;Сибирский ФО;Иркутск;Газоснабжение;СУГ;40.02;руб/кг;RUB;01.10.2026;31.12.2026;;прямое;;https://irk.sibdom.ru/news/24658/;sibdom.ru Иркутск;нет (СМИ);высокая
60;Иркутская область;Сибирский ФО;Иркутск;Электроэнергия;Без электроплиты / 1-й диапазон / 1-зонный;1.80;руб/кВтч;RUB;01.01.2026;30.09.2026;;прямое;Одна из самых низких ставок по России;https://irk.sibdom.ru/news/24658/;sibdom.ru Иркутск;нет (СМИ);высокая
61;Иркутская область;Сибирский ФО;Иркутск;Электроэнергия;Без электроплиты / 1-й диапазон / 1-зонный;2.10;руб/кВтч;RUB;01.10.2026;31.12.2026;;прямое;;https://irk.sibdom.ru/news/24658/;sibdom.ru Иркутск;нет (СМИ);высокая
62;Иркутская область;Сибирский ФО;Иркутск;Электроэнергия;Без электроплиты / 2-й диапазон (3901–6000 кВтч);3.30;руб/кВтч;RUB;01.01.2026;30.09.2026;;прямое;;https://irk.sibdom.ru/news/24658/;sibdom.ru;нет (СМИ);высокая
63;Иркутская область;Сибирский ФО;Иркутск;Электроэнергия;Без электроплиты / 2-й диапазон;4.30;руб/кВтч;RUB;01.10.2026;31.12.2026;;прямое;;https://irk.sibdom.ru/news/24658/;sibdom.ru;нет (СМИ);высокая
64;Иркутская область;Сибирский ФО;Иркутск;Электроэнергия;Без электроплиты / 3-й диапазон (>6000 кВтч);6.61;руб/кВтч;RUB;01.01.2026;30.09.2026;;прямое;;https://irk.sibdom.ru/news/24658/;sibdom.ru;нет (СМИ);высокая
65;Иркутская область;Сибирский ФО;Иркутск;Электроэнергия;Без электроплиты / 3-й диапазон;7.97;руб/кВтч;RUB;01.10.2026;31.12.2026;;прямое;;https://irk.sibdom.ru/news/24658/;sibdom.ru;нет (СМИ);высокая
66;Красноярский край;Сибирский ФО;Красноярск;Электроэнергия;Без электроплиты / В пределах соцнормы;4.13;руб/кВтч;RUB;01.01.2026;30.09.2026;;прямое;;https://sibnovosti.ru/news/450704/;sibnovosti.ru (Красноярск);нет (СМИ);высокая
67;Красноярский край;Сибирский ФО;Красноярск;Электроэнергия;Без электроплиты / В пределах соцнормы;4.77;руб/кВтч;RUB;01.10.2026;31.12.2026;;прямое;;https://sibnovosti.ru/news/450704/;sibnovosti.ru;нет (СМИ);высокая
68;Красноярский край;Сибирский ФО;Красноярск;Электроэнергия;Без электроплиты / Сверх соцнормы;6.65;руб/кВтч;RUB;01.01.2026;30.09.2026;;прямое;;https://sibnovosti.ru/news/450704/;sibnovosti.ru;нет (СМИ);высокая
69;Красноярский край;Сибирский ФО;Красноярск;Электроэнергия;Без электроплиты / Сверх соцнормы;7.76;руб/кВтч;RUB;01.10.2026;31.12.2026;;прямое;;https://sibnovosti.ru/news/450704/;sibnovosti.ru;нет (СМИ);высокая
70;Красноярский край;Сибирский ФО;Красноярск;Электроэнергия;С электроплитой / В пределах соцнормы;2.89;руб/кВтч;RUB;01.01.2026;30.09.2026;;прямое;;https://sibnovosti.ru/news/450704/;sibnovosti.ru;нет (СМИ);высокая
71;Красноярский край;Сибирский ФО;Красноярск;Электроэнергия;С электроплитой / В пределах соцнормы;3.34;руб/кВтч;RUB;01.10.2026;31.12.2026;;прямое;;https://sibnovosti.ru/news/450704/;sibnovosti.ru;нет (СМИ);высокая
72;Красноярский край;Сибирский ФО;Красноярск;Электроэнергия;С электроплитой / Сверх нормы;4.66;руб/кВтч;RUB;01.01.2026;30.09.2026;;прямое;;https://sibnovosti.ru/news/450704/;sibnovosti.ru;нет (СМИ);высокая
73;Красноярский край;Сибирский ФО;Красноярск;Электроэнергия;С электроплитой / Сверх нормы;5.43;руб/кВтч;RUB;01.10.2026;31.12.2026;;прямое;;https://sibnovosti.ru/news/450704/;sibnovosti.ru;нет (СМИ);высокая
74;Красноярский край;Сибирский ФО;Красноярск;Холодное водоснабжение;;38.70;руб/м3;RUB;01.01.2026;30.09.2026;;прямое;;https://sibnovosti.ru/news/450704/;sibnovosti.ru;нет (СМИ);высокая
75;Красноярский край;Сибирский ФО;Красноярск;Холодное водоснабжение;;48.37;руб/м3;RUB;01.10.2026;31.12.2026;;прямое;;https://sibnovosti.ru/news/450704/;sibnovosti.ru;нет (СМИ);высокая
76;Красноярский край;Сибирский ФО;Красноярск;Водоотведение;;25.13;руб/м3;RUB;01.01.2026;30.09.2026;;прямое;;https://sibnovosti.ru/news/450704/;sibnovosti.ru;нет (СМИ);высокая
77;Красноярский край;Сибирский ФО;Красноярск;Водоотведение;;31.42;руб/м3;RUB;01.10.2026;31.12.2026;;прямое;;https://sibnovosti.ru/news/450704/;sibnovosti.ru;нет (СМИ);высокая
78;Красноярский край;Сибирский ФО;Красноярск;Отопление;ТГК-13 (Сибирская генерирующая компания);2889.95;руб/Гкал;RUB;01.01.2026;30.09.2026;;прямое;Зависит от поставщика. ТГК-13 — основной поставщик;https://sibnovosti.ru/news/450704/;sibnovosti.ru;нет (СМИ);высокая
79;Красноярский край;Сибирский ФО;Красноярск;Отопление;ТГК-13;3199.78;руб/Гкал;RUB;01.10.2026;31.12.2026;;прямое;;https://sibnovosti.ru/news/450704/;sibnovosti.ru;нет (СМИ);высокая
80;Красноярский край;Сибирский ФО;Красноярск;Отопление;КрасТЭК;3140.06;руб/Гкал;RUB;01.01.2026;30.09.2026;;прямое;;https://sibnovosti.ru/news/450704/;sibnovosti.ru;нет (СМИ);высокая
81;Красноярский край;Сибирский ФО;Красноярск;Отопление;КрасТЭК;3476.70;руб/Гкал;RUB;01.10.2026;31.12.2026;;прямое;;https://sibnovosti.ru/news/450704/;sibnovosti.ru;нет (СМИ);высокая
82;Ростовская область;Южный ФО;Ростов-на-Дону;Холодное водоснабжение;Водоканал;64.04;руб/м3;RUB;01.01.2026;30.09.2026;;расчётное;Рассчитано: Дек.2025 (62.97) * 1.017. Октябрь 2026 = 69.14. Декабрь 2025 = 69.14/1.098 = 62.97;https://rostov.rbc.ru/rostov/freenews/694129169a794700c251a629;РБК Ростов;нет (СМИ);средняя
83;Ростовская область;Южный ФО;Ростов-на-Дону;Холодное водоснабжение;;69.14;руб/м3;RUB;01.10.2026;31.12.2026;;прямое;+9.80% от декабря 2025;https://rostov.rbc.ru/rostov/freenews/694129169a794700c251a629;РБК Ростов;нет (СМИ);высокая
84;Ростовская область;Южный ФО;Ростов-на-Дону;Водоотведение;;44.85;руб/м3;RUB;01.01.2026;30.09.2026;;расчётное;Декабрь 2025 (44.10) * 1.017. Дек.2025 = 48.43/1.098;;расчёт;нет;средняя
85;Ростовская область;Южный ФО;Ростов-на-Дону;Водоотведение;;48.43;руб/м3;RUB;01.10.2026;31.12.2026;;прямое;;https://rostov.rbc.ru/rostov/freenews/694129169a794700c251a629;РБК Ростов;нет (СМИ);высокая
86;Ростовская область;Южный ФО;Ростов-на-Дону;Электроэнергия;;4.27;руб/кВтч;RUB;01.01.2026;30.09.2026;;расчётное;Декабрь 2025: 4.20 * 1.017 = 4.27. Октябрь 2026 = 4.67;;расчёт;нет;средняя
87;Ростовская область;Южный ФО;Ростов-на-Дону;Электроэнергия;;4.67;руб/кВтч;RUB;01.10.2026;31.12.2026;;прямое;+11.30% от декабря 2025;https://rostov.rbc.ru/rostov/freenews/694129169a794700c251a629;РБК Ростов;нет (СМИ);высокая
88;Ростовская область;Южный ФО;Ростов-на-Дону;Отопление;Теплоснабжающая организация (централизованная);4237.01;руб/Гкал;RUB;01.01.2026;30.09.2026;;прямое;;https://rostov-zkh.ru/tarify/;rostov-zkh.ru;нет (сайт УК);средняя — требует проверки на сайте регулятора
89;Ростовская область;Южный ФО;Ростов-на-Дону;Теплоноситель;Для расчёта горячего водоснабжения;128.28;руб/м3;RUB;01.01.2026;30.09.2026;;прямое;;https://rostov-zkh.ru/tarify/;rostov-zkh.ru;нет (сайт УК);средняя
90;Самарская область;Приволжский ФО;Самара;Отопление;ПАО «Т Плюс»;5042;руб/Гкал;RUB;01.01.2026;30.09.2026;;расчётное;Декабрь 2025: 4958 руб/Гкал * 1.017. Октябрь 2026: 5613–5618. Дек.2025 = 5615/1.132 = 4960;;расчёт;нет;средняя
91;Самарская область;Приволжский ФО;Самара;Отопление;ПАО «Т Плюс»;5613–5618;руб/Гкал;RUB;01.10.2026;31.12.2026;;прямое;+13.2% от декабря 2025. Диапазон по тарифным зонам;https://samara.aif.ru/gorod/samara/samarcam-rasskazali-kak-budut-povyshatsya-tarify-zhkh-v-2026-godu;АиФ Самара;нет (СМИ);средняя
92;Самарская область;Приволжский ФО;Самара;Электроэнергия;;6.46;руб/кВтч;RUB;01.01.2026;30.09.2026;;расчётное;Декабрь 2025: 6.35 * 1.017. Октябрь: 6.95. Дек.2025 = 6.95/1.094 = 6.35;;расчёт;нет;средняя
93;Самарская область;Приволжский ФО;Самара;Электроэнергия;;6.95;руб/кВтч;RUB;01.10.2026;31.12.2026;;прямое;;https://samara.aif.ru/gorod/samara/samarcam-rasskazali-kak-budut-povyshatsya-tarify-zhkh-v-2026-godu;АиФ Самара;нет (СМИ);средняя
94;Самарская область;Приволжский ФО;Самара;Холодное водоснабжение;;54.44;руб/м3;RUB;01.01.2026;30.09.2026;;расчётное;Декабрь 2025: 53.53 * 1.017. Октябрь: 58.56. Дек.2025 = 58.56/1.094 = 53.53;;расчёт;нет;средняя
95;Самарская область;Приволжский ФО;Самара;Холодное водоснабжение;;58.56;руб/м3;RUB;01.10.2026;31.12.2026;;прямое;;https://samara.aif.ru/gorod/samara/samarcam-rasskazali-kak-budut-povyshatsya-tarify-zhkh-v-2026-godu;АиФ Самара;нет (СМИ);средняя
